"batch","coef","C0","C1","C2","C3","C4"
1707,0,5326.5,-292.068,6.47595,-0.0669288,0.000265042
1707,1,-192.117,9.71993,-0.19808,0.00188066,-6.83185e-06
1707,2,4.14357,-0.214295,0.0044994,-4.42348e-05,1.67071e-07
1707,3,-0.0378695,0.00200778,-4.3053e-05,4.28382e-07,-1.61989e-09
3606,0,4602.617,-256.5485,5.797144,-0.06109156,0.0002464531
3606,1,-156.3517,7.841255,-0.1582654,0.001486597,-5.324218e-06
3606,2,3.110023,-0.1556603,0.003175702,-3.058297e-05,1.139454e-07
3606,3,-0.02632892,0.001323441,-2.714863e-05,2.621732e-07,-9.730742e-10
